{
  "": {
    "swift-dependencies": "/home/user/LukaTubic/PerfectTemplate/.build/x86_64-unknown-linux/debug/PerfectCrypto.build/master.swiftdeps"
  },
  "/home/user/LukaTubic/PerfectTemplate/.build/checkouts/Perfect-Crypto.git-8204163965436982588/Sources/PerfectCrypto/Algorithms.swift": {
    "dependencies": "/home/user/LukaTubic/PerfectTemplate/.build/x86_64-unknown-linux/debug/PerfectCrypto.build/Algorithms.d",
    "object": "/home/user/LukaTubic/PerfectTemplate/.build/x86_64-unknown-linux/debug/PerfectCrypto.build/Algorithms.swift.o",
    "swiftmodule": "/home/user/LukaTubic/PerfectTemplate/.build/x86_64-unknown-linux/debug/PerfectCrypto.build/Algorithms~partial.swiftmodule",
    "swift-dependencies": "/home/user/LukaTubic/PerfectTemplate/.build/x86_64-unknown-linux/debug/PerfectCrypto.build/Algorithms.swiftdeps"
  },
  "/home/user/LukaTubic/PerfectTemplate/.build/checkouts/Perfect-Crypto.git-8204163965436982588/Sources/PerfectCrypto/ByteIO.swift": {
    "dependencies": "/home/user/LukaTubic/PerfectTemplate/.build/x86_64-unknown-linux/debug/PerfectCrypto.build/ByteIO.d",
    "object": "/home/user/LukaTubic/PerfectTemplate/.build/x86_64-unknown-linux/debug/PerfectCrypto.build/ByteIO.swift.o",
    "swiftmodule": "/home/user/LukaTubic/PerfectTemplate/.build/x86_64-unknown-linux/debug/PerfectCrypto.build/ByteIO~partial.swiftmodule",
    "swift-dependencies": "/home/user/LukaTubic/PerfectTemplate/.build/x86_64-unknown-linux/debug/PerfectCrypto.build/ByteIO.swiftdeps"
  },
  "/home/user/LukaTubic/PerfectTemplate/.build/checkouts/Perfect-Crypto.git-8204163965436982588/Sources/PerfectCrypto/Extensions.swift": {
    "dependencies": "/home/user/LukaTubic/PerfectTemplate/.build/x86_64-unknown-linux/debug/PerfectCrypto.build/Extensions.d",
    "object": "/home/user/LukaTubic/PerfectTemplate/.build/x86_64-unknown-linux/debug/PerfectCrypto.build/Extensions.swift.o",
    "swiftmodule": "/home/user/LukaTubic/PerfectTemplate/.build/x86_64-unknown-linux/debug/PerfectCrypto.build/Extensions~partial.swiftmodule",
    "swift-dependencies": "/home/user/LukaTubic/PerfectTemplate/.build/x86_64-unknown-linux/debug/PerfectCrypto.build/Extensions.swiftdeps"
  },
  "/home/user/LukaTubic/PerfectTemplate/.build/checkouts/Perfect-Crypto.git-8204163965436982588/Sources/PerfectCrypto/JWT.swift": {
    "dependencies": "/home/user/LukaTubic/PerfectTemplate/.build/x86_64-unknown-linux/debug/PerfectCrypto.build/JWT.d",
    "object": "/home/user/LukaTubic/PerfectTemplate/.build/x86_64-unknown-linux/debug/PerfectCrypto.build/JWT.swift.o",
    "swiftmodule": "/home/user/LukaTubic/PerfectTemplate/.build/x86_64-unknown-linux/debug/PerfectCrypto.build/JWT~partial.swiftmodule",
    "swift-dependencies": "/home/user/LukaTubic/PerfectTemplate/.build/x86_64-unknown-linux/debug/PerfectCrypto.build/JWT.swiftdeps"
  },
  "/home/user/LukaTubic/PerfectTemplate/.build/checkouts/Perfect-Crypto.git-8204163965436982588/Sources/PerfectCrypto/Keys.swift": {
    "dependencies": "/home/user/LukaTubic/PerfectTemplate/.build/x86_64-unknown-linux/debug/PerfectCrypto.build/Keys.d",
    "object": "/home/user/LukaTubic/PerfectTemplate/.build/x86_64-unknown-linux/debug/PerfectCrypto.build/Keys.swift.o",
    "swiftmodule": "/home/user/LukaTubic/PerfectTemplate/.build/x86_64-unknown-linux/debug/PerfectCrypto.build/Keys~partial.swiftmodule",
    "swift-dependencies": "/home/user/LukaTubic/PerfectTemplate/.build/x86_64-unknown-linux/debug/PerfectCrypto.build/Keys.swiftdeps"
  },
  "/home/user/LukaTubic/PerfectTemplate/.build/checkouts/Perfect-Crypto.git-8204163965436982588/Sources/PerfectCrypto/OpenSSLInternal.swift": {
    "dependencies": "/home/user/LukaTubic/PerfectTemplate/.build/x86_64-unknown-linux/debug/PerfectCrypto.build/OpenSSLInternal.d",
    "object": "/home/user/LukaTubic/PerfectTemplate/.build/x86_64-unknown-linux/debug/PerfectCrypto.build/OpenSSLInternal.swift.o",
    "swiftmodule": "/home/user/LukaTubic/PerfectTemplate/.build/x86_64-unknown-linux/debug/PerfectCrypto.build/OpenSSLInternal~partial.swiftmodule",
    "swift-dependencies": "/home/user/LukaTubic/PerfectTemplate/.build/x86_64-unknown-linux/debug/PerfectCrypto.build/OpenSSLInternal.swiftdeps"
  },
  "/home/user/LukaTubic/PerfectTemplate/.build/checkouts/Perfect-Crypto.git-8204163965436982588/Sources/PerfectCrypto/PerfectCrypto.swift": {
    "dependencies": "/home/user/LukaTubic/PerfectTemplate/.build/x86_64-unknown-linux/debug/PerfectCrypto.build/PerfectCrypto.d",
    "object": "/home/user/LukaTubic/PerfectTemplate/.build/x86_64-unknown-linux/debug/PerfectCrypto.build/PerfectCrypto.swift.o",
    "swiftmodule": "/home/user/LukaTubic/PerfectTemplate/.build/x86_64-unknown-linux/debug/PerfectCrypto.build/PerfectCrypto~partial.swiftmodule",
    "swift-dependencies": "/home/user/LukaTubic/PerfectTemplate/.build/x86_64-unknown-linux/debug/PerfectCrypto.build/PerfectCrypto.swiftdeps"
  }
}
